textID,predicted_sentiment
f87dea47db,neutral
96d74cb729,neutral
eee518ae67,positive
01082688c6,positive
33987a8ee5,positive
726e501993,neutral
261932614e,neutral
afa11da83f,neutral
e64208b4ef,neutral
37bcad24ca,neutral
24c92644a4,negative
43b390b336,neutral
69d6b5d93e,neutral
5c1e0b61a1,neutral
504e45d9d9,positive
ae93ad52a0,neutral
9fce30159a,neutral
00d5195223,negative
33f19050cf,negative
f7718b3c23,neutral
9ef44428d0,neutral
be634ebeb0,negative
3dcf4f7e13,neutral
f0ef04109b,neutral
8be365118e,neutral
c50bdd4567,neutral
334954f215,neutral
b783916431,neutral
1fa8e6ad66,neutral
be38b29042,positive
95701e8ed9,neutral
4dd58ecd2c,neutral
cf553cccd5,positive
55c69c2d52,negative
9b1a52cc02,neutral
cce5c4744a,neutral
c7f9d559e2,neutral
3d2478db59,negative
6d846d7d50,neutral
599f51af6b,positive
87daa62920,positive
6506dc55ff,neutral
746d87f93e,neutral
ef7ef8e474,neutral
d3d7b13278,negative
ddc07db84e,negative
67afe60d31,neutral
17d18ba9ef,negative
ab57d75f20,neutral
f0acd25d8e,negative
cf3b068b03,positive
d6c34fa875,neutral
614aed9113,neutral
dfa577d3c1,positive
10dcbe4dfb,neutral
a0bfb12773,negative
71f4a9b495,negative
d33ed264b3,neutral
77f88ea9e2,positive
fe1deac869,positive
e591a725ef,neutral
2dbb28cc29,neutral
a7e4ad250a,negative
7d87899024,negative
461b51fa58,negative
c31d79c440,neutral
32ee7ef6c2,neutral
29f805a7d2,neutral
d41fe360e4,positive
a04c8c8695,negative
25e42b2bf2,negative
5843d17b1d,negative
474d10ff48,negative
38e69da3a1,negative
972dc5787d,neutral
0ba6aaf9aa,neutral
7a81537034,negative
311d2b185b,negative
1e46d72ec6,neutral
390f169584,neutral
58129e4130,positive
e6c9e5e3ab,neutral
cb5e709de8,neutral
a14b4ff440,positive
5d57a5eda2,positive
1e3561e921,neutral
c2ea5cb58b,negative
cde0016d6d,neutral
5fc411e8d1,neutral
5ffb19ae8f,neutral
76da985a47,neutral
3a98aa4762,neutral
886545bbab,neutral
2afe118dc3,neutral
704c53f4cf,negative
71fa60d9ff,neutral
c238c4dbb7,neutral
dc73e85417,negative
af63915fa9,neutral
eb2fc4d281,negative
f9382a1f7b,negative
54670ca807,positive
3ab338c459,negative
c7c7f7f025,neutral
1256e6a4d2,neutral
990cdeae87,neutral
9a55d83c79,neutral
c8307a482d,neutral
0a21b662a4,neutral
297f7d9e0f,neutral
68901906a4,negative
3112944847,neutral
8f8334ffa2,negative
322546026e,negative
e6c154f9be,neutral
e96d849b35,neutral
124e30d941,negative
fbb5742bbb,negative
e90acf3c42,neutral
0b0944285d,neutral
a11da2d3bf,neutral
161bfc7c8a,neutral
4a65010643,neutral
1b460c82f0,neutral
43e91a5488,neutral
410dd99aa3,neutral
b3eadfc565,negative
480894125b,neutral
001617fca4,positive
52f2f23473,negative
e7e27b0c91,neutral
834dc73c0c,neutral
aeb0e9d730,neutral
c672c9da1d,neutral
cbee1946d3,negative
b1999f0951,neutral
25510fbf89,negative
bcb9426abb,neutral
0d29624200,negative
3f0f5891ab,negative
0b34e66ea3,negative
11de8c0456,neutral
d5712716e9,positive
3f90f95beb,negative
c108e09b19,neutral
7223fdccc2,neutral
f254748cdb,neutral
256453d14f,neutral
8fd01857a9,neutral
37227c0dbf,neutral
20aff2fcb1,negative
ca223af36e,neutral
90977e9614,neutral
433b1ab9ea,neutral
37771d1bc1,neutral
fa99046452,positive
14760477ad,neutral
da908a6635,neutral
2053a455e9,positive
1ea547383b,negative
6634c62acf,neutral
c7240790da,neutral
08ede23635,positive
4e87dcff0e,neutral
4b0b53bc98,negative
fd3a622954,positive
e34af4fd97,negative
0e8aa10a4e,neutral
29148dc95c,negative
56a15cf6ca,neutral
b99969c2fb,neutral
b0f3142cb4,neutral
5ff525b74b,positive
4fd80e66e0,negative
e77a8f8f2d,negative
4ea7102112,neutral
6a14956779,neutral
7c2fcb712e,neutral
cdd172d6a7,positive
d2a21b3cb7,neutral
799e17e7a7,neutral
0a49cdbdf6,negative
4a13c1093d,neutral
9407ce6ccc,neutral
820f19ca44,neutral
683bb73c09,negative
0d14593b11,neutral
9ac13b3739,neutral
16ee71e6df,neutral
f5d47f04f5,negative
e131c496a2,negative
bc6d7b4364,neutral
c87be630b5,positive
e4ad1684bb,neutral
f7835156a5,positive
03bb148b87,negative
b47c430fda,positive
0234e16010,neutral
be9ed19513,negative
bf7240df91,neutral
2f883c6eb1,negative
a1320a5050,neutral
d72a60bee8,neutral
bc9ebe0002,neutral
64ddc1f8a2,neutral
03f6b8d900,negative
2d475b1b23,negative
87473f5175,neutral
7a09871d21,neutral
96ec2855e4,neutral
45cf9ba329,negative
bab68144cd,neutral
fc49e426f5,positive
a172818c9e,negative
036191bb61,positive
3ef85c201c,negative
ea348ea738,neutral
fd10f463c9,neutral
e6e02e1be6,negative
8112c62d00,neutral
0f89951346,negative
f3ec0395b0,neutral
37ffa83550,positive
cb8c730261,neutral
be33b5cb9a,neutral
4fed31099f,neutral
de288eb45b,neutral
7ab82d9fda,positive
9d8a45d308,neutral
d25c4179f6,neutral
6cd35dd82e,negative
65275b51e2,positive
9fae9e3145,neutral
e515132ae4,positive
df3c7485ae,neutral
bd8ba2ad7e,neutral
58be40735c,neutral
b5a0a16fd7,negative
044f146e5c,positive
a8e17db0cc,neutral
abda0ac082,neutral
b01506af48,positive
53969f2468,neutral
4df63939ef,neutral
f43efa3560,positive
c89e41fc7c,neutral
b9ec075666,negative
ca333e378d,negative
5a91b175f6,neutral
ac00adda49,neutral
cf9dc7479a,neutral
005e2e60d3,neutral
0b1fad03e9,neutral
2c72a5582a,neutral
af0778ed50,negative
1e0416ec46,neutral
1e6f72ea44,neutral
cc930f7aa8,neutral
9c202174a3,negative
b9a1df7a8a,negative
7b3132d3cc,negative
5f80970983,negative
f008d91039,neutral
c223721eed,neutral
7f8a3308f8,positive
3f7adda0a4,negative
6c60cf0bb2,negative
f77651be05,neutral
aff740a028,negative
c3f1116734,neutral
4b57011c85,positive
cb4266c560,neutral
dcb3bb2912,negative
f61b40624e,neutral
b6d2229b03,negative
299fda8c5b,neutral
fbea09d42d,negative
1b62e0c672,positive
2452a0aa6a,negative
8a821c6d63,positive
0f93ebfb23,neutral
dd655c5aee,negative
e94ceb6edd,negative
61e8b484df,positive
5be41389ce,positive
bd0f0ebc57,neutral
772ba56ce6,neutral
390f00c85a,neutral
4a680661d5,neutral
e2505e6219,positive
0d85e6d515,positive
086671fad9,negative
9c99cd9396,neutral
f35cc8bb35,positive
5ba64af2fd,positive
dbd82ea5bd,neutral
8b6c53f38b,neutral
e8cb7f18bd,neutral
9ea273deaa,neutral
cf0d831059,negative
8f0bafc9dc,neutral
0888d7dab7,negative
04d3c2d056,neutral
8bbaca6e4b,negative
4a9529e753,neutral
8be2d4f69f,negative
d9c10546e6,negative
90be8eaffb,neutral
8ba332dbbd,neutral
1086c26e82,neutral
b357b9e7d2,positive
0050eebd18,positive
426cb788e5,neutral
d30d23e543,neutral
04a204382a,neutral
2bc1a7126b,neutral
a2fb29c072,neutral
a2bbae6c4c,positive
0ce30035ac,neutral
b3505b0aa7,positive
99fcc18a8d,neutral
2b6bc6920b,neutral
d40dd3b17b,negative
5aa8a5280f,neutral
7dd57c2598,neutral
142108215,positive
f4aba8da1c,neutral
9cf9045a3c,neutral
1962095a32,neutral
9acf7846ab,positive
e4d58eb70f,negative
791b4a40af,positive
0c415791d1,negative
3bd0bff670,positive
c7f27553b8,neutral
a717783c80,negative
5a2add1cd8,neutral
5999397144,positive
54a3eab849,neutral
77b6b38e7e,neutral
dd6ea8c37a,neutral
af08dd0be5,neutral
3cd447856a,neutral
d7765a3fd6,neutral
509033a1ff,neutral
b09f14d65a,neutral
3160620b36,positive
b2e3ebc647,negative
1f9644b008,neutral
1fee7a1358,neutral
42d3659c3d,positive
8746563ae3,positive
01fb29c047,positive
065e4c2dba,neutral
d0380dbe70,neutral
d0c092c3ee,negative
ed92ed183a,neutral
75d0302de7,negative
96c5092f80,negative
ddbc8dba62,positive
80b61dc4e6,negative
37897b1693,negative
7a4af13b01,negative
000ceaec55,neutral
97cd2255be,negative
bebfd966a0,positive
bebcdc05ad,negative
e2ea1af68e,neutral
25c3c99b1a,neutral
ee27c73f40,negative
f90a6f5da0,neutral
49e9fe8b96,neutral
b34a3e3d72,neutral
0a96d05fdf,positive
ab3f55a84d,positive
0437867c21,neutral
80ea9ba96f,negative
4914c3c579,negative
33bb4fcc72,positive
f0da745521,positive
351d279fba,neutral
b5237966b8,positive
55cec41587,neutral
2cbc372326,positive
8997a62a75,negative
bce5834e03,neutral
a9b9f7a878,positive
d72edc0bb2,neutral
2fdd2501d1,neutral
5fcaa99ec8,neutral
3dfd82c60f,positive
16f31448e1,negative
bab04dc463,neutral
109b636fa5,neutral
cc29d748cb,neutral
bf4b4c0f0b,neutral
64b297c15e,neutral
bc1fbaf4a1,neutral
f59d8d766f,neutral
8a1bf14c15,positive
acfcaea70b,neutral
97e53162ff,negative
c0b7788e74,neutral
15c531b290,neutral
23efa13d7c,negative
c44b286776,positive
29ed43caca,neutral
6693f9c143,negative
94e0c7c638,negative
6114b48cb9,positive
32463a2751,neutral
65ed990460,negative
505f50a90d,neutral
481e268403,positive
5ce968f9be,negative
52ad93b3fe,neutral
e892068fd3,neutral
226adfd977,negative
47f11efc72,neutral
d7b1ac80c4,neutral
401cc22f49,neutral
583bae2083,positive
f003be5308,negative
49ce2570e5,positive
0693a85163,negative
4b273cd32a,positive
22003c0e96,neutral
0fe049b7ea,positive
3d1184dabd,positive
c2392d49e0,positive
a25ccabf06,neutral
9b3fcf1668,negative
d7746b6b68,neutral
86c20cf6ee,neutral
393b22b6c0,neutral
3c03dc0dd0,neutral
25e2db9995,neutral
d17a3a37e1,positive
58f1b52257,neutral
32489d483d,neutral
00d907ce33,negative
a7f2db128a,negative
d39e6da95c,neutral
09fea0f3a7,negative
31eb8ebd2a,negative
4dda8fd71a,positive
e4d6a48aa7,neutral
d0b52412b8,neutral
14acfa72dc,neutral
c6d6fbb9a6,neutral
797f9cddc0,neutral
4c5672e236,negative
d35f126ad0,neutral
efdff6dde7,neutral
4dd3339756,neutral
dd3cd66574,neutral
e83b4e9bf0,neutral
7a27c3a84d,positive
19de569235,negative
66f1863628,neutral
3690fcb40e,negative
bad6311330,neutral
75499e3bd1,negative
27d6472b81,positive
80995dff29,neutral
ca2d9efd4c,neutral
12bb670169,neutral
70b4033f03,neutral
8df42cd45a,negative
82bc030c0d,neutral
9d6473d14d,neutral
146257b271,positive
2fbae49319,negative
b56108fc36,neutral
ed54440a2e,neutral
c135b2cef2,negative
48c3502151,positive
5e6040afd3,neutral
3ea60172a0,positive
96e1deb162,negative
819626535b,neutral
fec3cae0c2,negative
89d9167173,neutral
dd911923ea,neutral
4f8c391159,neutral
403847cf44,neutral
dad1d09bfb,neutral
56f5217a16,positive
4a9ef1f9d8,negative
5a42a51462,positive
c5a584d398,negative
fee936fdc3,neutral
2813c4cf7e,positive
2246ed3d84,negative
1b1243d0b5,neutral
09042bf466,positive
40e3087f9c,negative
ad94e8b662,negative
fc0b053a31,positive
9f2a0b0b2f,negative
7516f86838,neutral
2492330594,negative
9aa7d6a58a,positive
083e4f782b,neutral
ba5e02305b,neutral
9f4bb12e13,neutral
7a01848c2e,neutral
ae285917c7,negative
5575fdaf3c,negative
af3fbd5681,neutral
db7211afbf,negative
23602f214f,neutral
c3459bc0bb,neutral
f02eed05d0,neutral
ff7126ea72,neutral
567ef8c2ed,neutral
d50a4dc3bf,neutral
d6bd94911e,negative
23bf2d69d2,negative
a6623df1a6,negative
34409c9b8a,neutral
6a36ea6690,neutral
c5ec3e9e37,neutral
e74d67a818,neutral
b09824d000,negative
3af70d3bc2,negative
5e5cb6d0a9,neutral
0db9bf3e1f,neutral
4de0e1bb73,neutral
9a6736745f,neutral
8d40f9e62d,positive
727e51734b,neutral
db23b82d03,neutral
e03a74beca,neutral
80b171ef7a,positive
d49d1b7de1,negative
4809e143db,neutral
0edb544179,neutral
c50f940f43,neutral
9a27ba671e,neutral
27c4e1f089,neutral
9965c5a810,neutral
4f6d52cbd8,negative
6c0bac4f19,negative
e692bbaf63,negative
365974d586,neutral
32db5fc0a5,neutral
600c58d8b3,neutral
792c269f24,neutral
2c6f1f637b,neutral
c6322a85c2,neutral
3aa450d12d,positive
10ad2966fa,positive
96b3a98962,neutral
b5c13364bb,neutral
06ae0360a2,neutral
060db97af7,neutral
67d5b57919,negative
a4388148b8,neutral
e43b9a1497,negative
527b27665d,negative
dbe35b6a0d,neutral
92c4eadecf,negative
b1cec36547,neutral
1b5dea3fe9,neutral
8d8c915ea5,neutral
9b46f1ae17,positive
1c68a5f609,positive
b9a6b682b2,positive
092c10bd84,positive
84fd3611d6,positive
9b8052833a,neutral
f9bdd41842,neutral
13c47e9bc8,positive
9a1eaacda3,neutral
8645bcae50,neutral
b70c6bf768,neutral
f67575d0e9,neutral
ba93b78cfc,neutral
77c659aa89,neutral
303a1773cf,positive
aa8b44f1b2,neutral
bf95b25f9d,neutral
b21b048c1d,neutral
4f7cba2eff,neutral
31dbbd2bb4,negative
a7506a67a4,neutral
b2c81f2c95,neutral
99c5936498,neutral
7315faa6ce,neutral
132462ca21,neutral
a7225483b3,negative
2dfb1e0fe3,negative
3a013a37a6,positive
b70639aec0,negative
0b5a804a3c,neutral
78ccd0cec0,positive
1c464c8953,neutral
29da8ca76b,neutral
9d414d77dd,negative
4d05d59122,positive
5a2393940b,positive
2fd9eef1f8,neutral
938c32de3e,neutral
0e3d04ed05,positive
9a0fce6d7e,neutral
32eb024489,neutral
6af90a76e4,negative
2b68738448,neutral
af087c9deb,neutral
8823244442,neutral
9bb06e4848,neutral
717e76b467,positive
3b6fdcc518,positive
f6cb27e38e,neutral
419f3e9ef8,neutral
f29654c873,positive
7e46f3f92a,negative
43ad351369,negative
853ebd7b47,neutral
ef60a2d1e7,neutral
983088f2b4,neutral
50b353f751,negative
c4cad35b0f,positive
9c44566550,negative
32b28d840b,negative
d576839165,positive
86f3b2e352,positive
ef1eb004ff,neutral
36bc98037c,neutral
faaf6a6f64,negative
69789cff46,neutral
586a76af3d,neutral
dfd9f1800b,neutral
e0090fba83,neutral
d9e1b10a4f,positive
0e5d9cd378,negative
1a82a50aa9,neutral
57ee48d640,neutral
e0794d1a3e,neutral
2baa1924cd,positive
c3261537c6,positive
4acd2d7380,positive
259ab53f07,neutral
c180265483,neutral
1e7956b538,positive
c8a9799256,negative
9fdac069e1,neutral
e27ea173e0,negative
e468a185dc,neutral
fe626ba958,neutral
995db37ffd,negative
a539826f28,negative
5efc764068,positive
e133dbdc62,neutral
e74af209c6,neutral
aca7565010,neutral
cac874449f,positive
bff45fe27f,positive
60521a571e,neutral
3b6a25d97c,negative
bcf13877f7,neutral
c4a8602e0a,positive
4e06f98760,neutral
62aebe35b6,negative
0237b6fd87,neutral
c860b3f840,neutral
cfdb8ea6d8,neutral
935a3c2bf5,negative
c1e33be64e,negative
000b3211af,negative
ffa3258a83,neutral
10f2498c35,neutral
35674461fe,neutral
4c086d6a58,neutral
d6a8cee69b,neutral
8e4553e921,neutral
cbfe82ef26,positive
9fb92f7504,neutral
49ffb6b465,positive
ed0ace22bf,neutral
dc346c6f1c,neutral
178b3ca782,neutral
0e83e0955a,neutral
6d3596cdb3,negative
696a2abd8a,negative
26d169a9e9,neutral
52fd9f56fb,positive
2f7b589c41,negative
1620bd719e,neutral
6e805ea65a,negative
08f6036add,positive
ce4b5fe266,negative
792c97a352,neutral
384a8c1c53,neutral
8c08631422,neutral
daed8640af,neutral
0c79867978,neutral
fe588dce16,neutral
30b5985a07,negative
c3e87ee9c0,neutral
5bbfbb31da,negative
41cf23c2d2,neutral
e027169ec6,neutral
6c843b2f56,negative
29736d30cc,neutral
2da7ae1656,neutral
0927b99040,neutral
a35cb60975,neutral
7e49648b99,neutral
b7234b7720,negative
5bbef6942a,neutral
c9e5ca399a,neutral
d7607b8133,neutral
2d5206550f,neutral
13632b763a,negative
f841b0e812,neutral
09e0880c54,neutral
bf2419a824,neutral
2fac1b845b,neutral
15fb68bf9f,neutral
a93afddcdf,neutral
8ec2997024,neutral
6559ad2e3e,negative
a2867122b8,neutral
17deedd7a4,neutral
d27429521a,negative
273aa26c3d,negative
c12a98d8f3,neutral
0a60d11178,neutral
58b7571313,negative
a25f8983ff,neutral
9b172f1737,neutral
c016333e85,positive
63ec4e7de6,neutral
7796395821,neutral
4f2e517832,negative
b3b338bcd0,positive
add95c3198,neutral
c41d259d60,positive
3099b7261b,neutral
15892f296d,neutral
d12acf4e01,neutral
dad3160e52,neutral
598603422e,negative
c3c79502f9,neutral
02b43cd23c,neutral
058f39acca,neutral
90af5c843a,neutral
200f2b3566,negative
85f882c027,positive
5496094dac,negative
866582d5a3,neutral
cb20977501,neutral
ddfc2cc8b3,neutral
0de656eac1,neutral
6be59d11d8,negative
31d260e718,neutral
b22aff92be,negative
96cc75e508,negative
664d148574,negative
6872aea3a9,neutral
21d77a32fb,neutral
5d8cc77f93,positive
803e9c0931,neutral
16ca8a5ecc,negative
038c049e2a,neutral
28e1999323,negative
438a7d203a,neutral
0117a03b6d,neutral
cad99e531f,neutral
4987bf323b,neutral
ba3e84e67f,neutral
b2dc59805a,neutral
797aa81fda,neutral
0ea64bcbe6,neutral
4e7fb463e0,neutral
b33c27ad85,positive
50eb2a08c3,positive
0ee55890a7,negative
eb9c11eb52,negative
cf16d0c659,negative
f7aa65a988,positive
b8a3fea60e,neutral
5389177883,positive
e59fd12277,neutral
264f1af9a0,neutral
d19724f22f,neutral
9d4dfb1f9e,neutral
e6b380cd3d,neutral
993c6eadd2,neutral
7993d38b85,positive
42caab438e,neutral
b5e7df1efe,neutral
017a0bbb36,neutral
12cfea907c,neutral
43449f0068,positive
795556dc39,negative
38e8111514,neutral
18ee9d146c,negative
f5e9c0eef2,neutral
434e673353,negative
8b8932427d,negative
c5f383c0a0,neutral
1.03E+211,neutral
8def10379e,positive
74af7e0835,neutral
bb53ba1a89,negative
11c5c7850b,negative
455ef3e9b6,neutral
d761530c7f,neutral
ed1e06027c,neutral
47b4e91e39,neutral
0b39781a5a,neutral
8fbd0b19e6,neutral
8429087609,neutral
7900f25fbc,neutral
312868ebb2,neutral
5f2c04acd4,neutral
55b8e44c02,neutral
106aa6d022,neutral
4975dbda48,negative
a3145ba47e,negative
7e19629684,neutral
3495e809b3,positive
a1b67a24aa,neutral
a0b1828b67,positive
311985067b,negative
c392253b42,negative
62f3e63c1a,negative
2942ed51f6,neutral
03798acf38,neutral
fd1ebb37c3,neutral
478a005e7c,neutral
9608ece440,negative
e6b24b7014,neutral
105b761a2c,negative
cca7cce9c8,neutral
d0b2e14355,neutral
f27f60c847,neutral
5380d2b0e5,negative
38148a3e98,neutral
b29ea1892f,neutral
7dd51bdec1,neutral
409767144d,positive
c627db4613,neutral
9fc2217d38,negative
d14b33ede0,neutral
e7ed611f06,neutral
a61d4c6048,negative
74b427ffa8,negative
c7568067cd,negative
8a6cdf6832,neutral
f4d1a681af,neutral
f81d71d2c2,positive
029a603b00,neutral
e6826a5aa5,positive
1e41208494,neutral
23f4fd4385,neutral
aa17c6f797,neutral
136b1926c9,neutral
6f381bb00f,neutral
c0d5be8bd4,negative
e09b90939a,negative
ec835dc0b0,negative
eaf90c4253,negative
41a96b7954,neutral
e5a26fb323,neutral
4e5d66beb2,negative
4c5a7e6ffc,neutral
53714350ac,neutral
b4401d6b4d,neutral
05ff657624,positive
dd72ee1430,negative
094e0509ad,neutral
0182dd7de1,negative
5b70f8bc73,negative
8c280d0f80,neutral
98c02118e6,negative
f4f24160c3,negative
80420cfe74,negative
5f1811bb3d,neutral
c7d3ab998a,neutral
7abd932d50,positive
ed298c6e5d,neutral
3257bafde1,neutral
2c150a0703,neutral
2252c58ab0,neutral
7d933d9d21,neutral
f6400f56e9,neutral
4477b985e5,neutral
66019ddc8f,positive
a7cf141043,neutral
4b2b16581a,neutral
e1a3e4575d,neutral
719934e5e0,neutral
dcba201932,neutral
a55208f877,negative
c13f8a6154,negative
e0eeef2f3f,neutral
003816f151,neutral
69c36e5f81,negative
898c63c69f,negative
b01100d6c6,neutral
131da67079,negative
2a83e56667,neutral
83b44dda65,neutral
b3fa6e5c24,negative
03e41eeb4f,positive
83fc759a0b,neutral
ff9722bca7,neutral
ebf6233a5b,negative
9e4228219d,neutral
25ce9a8b1b,neutral
ed6a316e8a,positive
4244aec072,neutral
90751fc00f,neutral
c653189d96,neutral
9b2b40dda6,positive
e4838b68a2,neutral
0ce20ef06e,neutral
fb030409ab,positive
ae1b11d7ec,neutral
8739e2666f,positive
e9a77e014a,neutral
7920a12924,neutral
8c091fb754,neutral
d3e52b51b7,positive
4addb8e422,positive
f18b102ad6,neutral
7720aca199,negative
6115285ce8,negative
a7af432585,positive
28db608c0d,neutral
7e45ea194d,neutral
4760319f17,neutral
f3de150883,positive
7e82aab535,neutral
bcc50747b1,positive
357483f649,negative
261a5bbd14,neutral
b03e2a23e5,neutral
ad37dcf4ff,neutral
5cd1ac2c57,neutral
7f0a146e26,neutral
3626f85ac4,neutral
cbd04fb4eb,negative
b8f7efe383,negative
d2ca4e1d3c,neutral
8eedc5a2ed,neutral
3b5aecf8d6,positive
a154540c08,neutral
48801ef73a,negative
91412dffcb,negative
68a9b81741,neutral
458f7b2493,neutral
cf05148ed6,neutral
c963a42282,positive
3d17d4b72c,positive
eb79aabf05,neutral
21d05898d3,neutral
e76b1c30bb,negative
2c5f261ff3,neutral
d3935b8571,positive
2a35e976ea,positive
3d128b58d0,positive
67348350a4,neutral
93b5d1bbea,positive
ed6bd3958e,neutral
45e3f93e9b,neutral
51051cb758,positive
b84ea78203,neutral
441dcaef31,neutral
b4e721aa1e,positive
a92e8ab2a1,neutral
31d77e5ff5,neutral
e887fbdfd5,neutral
78094a1191,neutral
a447f480ec,positive
e2fdad0321,positive
67cafda653,neutral
356bdefc64,negative
d6ce1fc670,neutral
d613b00386,negative
507a584ae5,neutral
2418966865,negative
6247a1db0b,neutral
e48cf1bff4,negative
6e693017f6,neutral
2c60e1c7a2,negative
b770afa9e6,positive
fe7c9215ae,positive
472c3e2c41,positive
0d7697aa10,positive
fe09df7e91,neutral
33eb5a33be,neutral
bab53b4152,positive
f877442216,neutral
311740836a,positive
80aff8d880,negative
fe89e929f4,positive
0f4be91a14,negative
5225c062f9,neutral
bd499c0bf7,negative
483bb46b97,neutral
dacb6d78af,negative
98b6544758,neutral
275fa7a3f8,neutral
346ce6428b,neutral
086bee572e,negative
22df86426d,neutral
63dcc7d29f,neutral
f7ac9e16e5,positive
59159f2163,neutral
c7fc03de4d,negative
002bb8f1b3,neutral
d112d2e5bf,neutral
c762607c42,neutral
09b5db7af0,neutral
aa51082711,negative
d4b544abff,neutral
ea1e41d586,neutral
ba28fe48b2,neutral
39e9f0e449,neutral
209de29f24,neutral
52aad0e22e,negative
21ab400cb3,negative
e93220b868,positive
57ea442d4d,negative
88a120f336,negative
52fc580b72,neutral
3dc1ed5f06,negative
fe2f3f3359,neutral
e170fafd8c,positive
b38df0845d,negative
cf1739382c,neutral
63e434fbf0,negative
43d10bd312,neutral
6230b5c435,negative
c6bc7536ef,neutral
c8caef9df3,positive
213eae85e9,neutral
dce070190c,neutral
8db4aaef4a,neutral
cf95521362,negative
c1dc0dd0f6,positive
951e093497,neutral
5a34a7e52c,neutral
59f6677324,neutral
9b0db4e33e,neutral
c9e8281f8c,negative
cac1ba6f5a,neutral
da8a88b872,negative
196e5dec12,neutral
811dc7e401,neutral
a777619b23,neutral
8cdaa4f6d8,positive
6aa5004916,neutral
ff7949688c,positive
309706ed4f,neutral
2.91E+08,neutral
afa094db6a,positive
b694518332,negative
2d76387d6e,positive
0b3588bf63,positive
0d401237c2,neutral
3922543d77,neutral
e3082089c9,neutral
564c21df63,neutral
2c8062a094,neutral
515793e794,neutral
c435fb9416,neutral
c5279762d3,neutral
97eeb0161d,positive
f0f6fda1f6,positive
e8ce4f8bdc,negative
c881dc16e9,neutral
89d0aed1ff,neutral
2ef49da640,neutral
7db53ed89f,neutral
a2819eaa7a,positive
37b50ef2a5,positive
4cc7d9995d,positive
c0abd616ab,neutral
32058d2bb5,positive
144252776,positive
0c8dd8b628,positive
c80d7e9b26,neutral
102384b03c,neutral
f97b498af4,neutral
908abc1bd1,positive
0187f448b1,neutral
e833f3a85d,negative
f980f61df3,positive
07b57f906c,positive
18ee7c255c,neutral
f7dc083f08,neutral
6d43a06459,positive
44da06d16c,positive
938f7e936c,negative
ffd54ac7f7,neutral
e1c4ad96a0,neutral
68e6a47c75,negative
05f4f3ddc3,negative
026d3b6611,negative
aa7362d09b,neutral
c10d6fac3d,neutral
d554ee2fe0,negative
8534e70d73,positive
a9bc0bc35d,negative
4b2b6a59d4,neutral
80a1ed08bf,positive
cebe0fc8d3,positive
a1833e30a5,neutral
f820ad932c,neutral
9e25d010e9,negative
a3b686ba61,negative
5d9b0f4b31,neutral
7e69bec42c,neutral
422cd4f89f,neutral
d78be7b22e,neutral
95db70d9c2,positive
f2f05cbdae,neutral
ab43c568d8,neutral
9b04365a55,neutral
2f136d0402,negative
dc4fa42628,positive
1cd62f2da1,positive
170f84ffcf,negative
c8e099fef6,positive
1e1cb8d9a4,negative
9d968ef838,positive
ca10e6b390,neutral
d59c09da6c,neutral
16b8e23839,neutral
e9dd5ad752,positive
a1ac7a0543,negative
56395aff30,neutral
356c8f7848,positive
8d85d53e36,neutral
320a6e56fc,neutral
88c2d7f95e,neutral
0740ae9f9b,negative
4d7def819d,negative
50c0004af6,neutral
bcbc9b5e75,neutral
93236f076c,positive
be4b907022,positive
760723a562,neutral
f66a3af202,negative
6e60ed6d59,negative
9c01aa6afd,neutral
412790a2ed,negative
266d2b648f,neutral
4683236241,neutral
3b45abf7b5,negative
9f8cd8c991,neutral
c3a4f9710d,neutral
1914dd82b2,negative
51a31aa9a1,negative
7b9f3f4f39,neutral
88c7658eb5,neutral
474b02cd39,positive
a5cee2035b,positive
c7e1468a65,positive
5a877ae4b8,negative
b8a77cd14c,neutral
b2bada7873,neutral
aab1caabf0,neutral
7240ccb4b2,negative
c26aabf505,neutral
4f05a05989,negative
f4c7e939ef,neutral
1f2a8f57c9,neutral
9048ec6e22,positive
c8a8b0e791,neutral
3cb4d10927,neutral
112591001f,negative
0b91f39c27,neutral
bc28048a07,negative
9f32a3213d,neutral
8d548b1783,negative
fc7842b0b4,neutral
3285374ab0,negative
d2141d6d47,neutral
c032793654,negative
8bb73c2ccd,neutral
0996990dca,positive
c635a113c8,positive
88a4261005,neutral
11b14ae498,negative
12005b65fc,neutral
dbabff5048,negative
0415387eb8,positive
d26016300e,positive
e150ad9d31,negative
5c0e819f2b,positive
462978616d,negative
75dc8a3ff6,negative
a9a725abfa,negative
ef1debc105,neutral
5c2ae1e5f0,neutral
b820cb8056,negative
dc6dae7f3b,negative
3d0c74e523,negative
0de2a265ef,neutral
86ae985c48,negative
cc3b05f756,neutral
5524acce17,neutral
b33e54d9c8,neutral
f288113937,positive
1137d77ecc,neutral
496abe9ad9,neutral
5b204b5429,negative
c0414a6961,negative
65bef2f8c9,neutral
65e715d6e5,positive
4b34697ec5,neutral
36c50ba510,negative
cea5b3f191,neutral
aa221b6a7d,neutral
ffcd5cb36e,neutral
cb8ff954c0,negative
af9a810c77,neutral
d98aa88591,neutral
a7977acf38,neutral
5a9faa4da8,neutral
1b8c3ffa29,neutral
aa1a163174,neutral
a4bb5d0c5c,positive
24e58e264b,neutral
01f2c9bae6,negative
e02cb0c9a8,neutral
3f8df1fed3,neutral
4b8092674a,negative
ef7149efd3,neutral
c00890fdfc,neutral
e3592de395,neutral
ad970e1d3f,positive
098f6ce321,neutral
2cd5a21fbc,neutral
fcc4f3baa5,neutral
b86fe0c61a,neutral
ea1b1fd1bb,neutral
ec00ec25c7,negative
17d1fdde01,positive
91de6a547d,neutral
6e8fb1ede7,negative
fd9f6c3e21,neutral
c3892f8e77,positive
639aeb628f,negative
ef465b57eb,neutral
e0ead16a3d,negative
b09213d54b,neutral
79256fbe62,neutral
5813e09e81,negative
50d03d593e,positive
6816923abd,neutral
2524332d66,negative
1900a6978a,neutral
e8d9d9671b,positive
c69ccdfa56,positive
3c6723fa1b,neutral
85e2495324,neutral
16b52fbd17,neutral
755bcfd6a2,neutral
fdc09f2f0b,positive
1643564ce1,positive
b4b9d74b06,positive
b593189c2d,neutral
7a83b8c7e2,neutral
66762b14cd,neutral
7d59117a75,neutral
a769b2340c,neutral
4d31092a19,neutral
fc4660a609,neutral
74450e128f,negative
337ebe2747,negative
9db7e301b9,neutral
7013b54ea6,negative
990c3cf35f,neutral
10c5d92ceb,neutral
b8293bb838,neutral
cb8cb99053,neutral
a22d319e5f,neutral
4d3de34efa,negative
8e092e15ed,neutral
356fce670b,neutral
1ad6adf2ab,negative
53dbbbdf7d,positive
5534df9445,negative
ea390d1f7b,negative
7880cbca66,neutral
58aa2e3401,negative
d65a8658b0,neutral
3e99f423ba,neutral
d1b38c33f4,neutral
0345e7e526,neutral
53eacec2ef,neutral
ad2d036578,neutral
9e5e8ab6a4,neutral
47126dd509,positive
e9ef9a00e9,negative
3da51fc31b,neutral
ddc89d5956,negative
499f7fe7dc,neutral
1f35cb2e27,neutral
23ea783065,neutral
dbae8ffc58,positive
46e5a5f63b,neutral
b9d896f209,neutral
25080c4bad,positive
760b2e5dfe,neutral
580f2c99e1,neutral
e243bee98c,neutral
12b499b4ca,neutral
95410148bf,negative
3acd68b4cb,positive
f3933c4b73,positive
245e5f25e2,neutral
70740addc0,negative
29d1ec5e7e,negative
78a3ef0435,negative
f71ed6b273,negative
abc7f39d90,positive
b145670ac9,neutral
a193f3b9e1,negative
cccb3d7081,neutral
07ae045cbe,neutral
a5640db7a7,neutral
cc1a219c1c,neutral
1eac051f9c,positive
31f2861133,neutral
8e65e54144,neutral
61ee532258,positive
52020ad422,neutral
7bbc5a2473,neutral
dd2a769f04,negative
b4ebfb22c6,positive
51bdb4d865,negative
f948e704f4,negative
87fa9ce0c5,negative
f734459c4c,negative
5e14887b13,positive
85eb03d6b8,positive
7909fa421f,neutral
36631a41d0,negative
8f11bf53a2,neutral
7e21d8a7ab,positive
2f00504c96,positive
bc14c389af,positive
dae7a3eeb1,negative
9b7811b2e0,negative
06b8d9e26c,neutral
bcd7910701,neutral
7c229b34c1,neutral
f26105a320,negative
0a5e7d6cb1,neutral
b34a3fd669,neutral
05810a7cdd,negative
8531be3694,negative
70187852a7,neutral
31d03bff54,neutral
2938f51a3a,negative
a153babf33,neutral
4baf1c6930,positive
d409e4ce46,neutral
dbc696a3ef,neutral
237b093176,neutral
2b8b0a7d10,neutral
a8a1e94417,negative
c99820b355,negative
4841c38e53,negative
bd3b30d13c,negative
8c03f75944,neutral
570a5c063b,negative
383aa5ec8b,neutral
038a99e313,negative
8862c02132,neutral
d83606a58a,neutral
9412b17d47,negative
db76d74945,positive
f873960a48,positive
aaf69acf6f,neutral
361b6281a6,negative
1fb696a58c,positive
51f56d7464,negative
1b673ea212,neutral
ffe02fe3f5,neutral
8255b23e72,negative
e108bb4fa1,positive
9599acaca6,positive
3bd6b2df8c,positive
c281b14817,neutral
93eb6effbb,neutral
30abfb5b07,negative
419862456e,negative
5c8a453297,negative
2bbe1f652e,neutral
0eb1ab3558,negative
baf2ccb1cc,neutral
259a4c12db,neutral
b56c29ed7d,positive
f1f8d50eff,neutral
f61ae5403a,neutral
97fd42d38b,neutral
72624c934f,negative
20967289f5,negative
bd5f768159,neutral
9b1060a30e,negative
704dfebd66,negative
1177c602c8,neutral
92866f7b8c,positive
13d0b4314e,neutral
892b8a0cf8,negative
5d8102cab8,neutral
3fcdacf90f,neutral
17d1a66db4,positive
4d22612bb6,neutral
3cd2b0d233,neutral
da72cfc9cc,negative
fd57cd4c4e,neutral
0a57a17968,negative
a9e176a76e,neutral
41ff25c568,positive
064b2cc709,neutral
00b7a60703,neutral
6896f19343,neutral
cce4a3ca50,positive
c9d4cf96af,positive
733ac52be6,negative
cf1a0bb3c2,neutral
8b1ef2334e,positive
d31c27398f,neutral
9f42f42b4f,positive
98cfd1162e,negative
00c8cfed18,positive
bbe85e3495,negative
0cc4081476,neutral
c45f5fb9e6,neutral
7e5457bddf,negative
d138ab0b3a,negative
6ade83d96d,neutral
fbbeb51073,positive
74b57c43cc,neutral
f7638c4126,positive
562c683a44,positive
1f403981ef,negative
9358a6253c,positive
628bab2c42,negative
d934e438cc,positive
548b9da461,negative
e0f9a074cf,positive
5fb992345d,negative
590ede849e,neutral
b78e0c4c19,positive
02073f1c62,positive
112da4faa0,neutral
1d3c1b4821,negative
70d05bf740,neutral
816bbfcd52,neutral
40760ea4e8,neutral
d6738c3768,neutral
e0d893b360,negative
e344ef4cf6,neutral
84f961fdb2,positive
c002c2eddd,neutral
7369cf2fc5,neutral
543a06c64b,negative
1047b78606,negative
62dd5efb10,positive
4652d96d01,negative
1f9019bba5,positive
e8a7f5e1a3,neutral
2f2721c6fe,neutral
9c52e5ba66,neutral
d72748e39c,neutral
bb96cfef66,positive
14c6d8edd1,neutral
44c3407b4d,neutral
6f15fcf64e,neutral
5a4ebbbdba,neutral
6ee991d0cd,neutral
9932b9c033,neutral
8ba9d3448f,positive
f6f7382036,neutral
a93501213c,negative
703a5708f6,neutral
683149f529,neutral
9a00c7fd06,negative
9a1177c3fb,neutral
226dcfa96d,neutral
e4364d95c3,neutral
b14b4d5209,negative
f04b0ca7f2,positive
44c7e944b9,neutral
fb6110efb9,neutral
61c907173c,neutral
2334ad25e6,neutral
c2484278c9,negative
e39cb0ca13,neutral
5f54c3d4cb,positive
62e1413e85,neutral
d7b287d1e7,negative
67ff57361c,neutral
762a44afb6,neutral
1a38bc0602,negative
a0c3ef4a01,negative
de2a14a465,neutral
94488794d4,negative
12b631ca7b,positive
95dfefd4e7,negative
e637c11dca,positive
3775d15b1d,negative
7f62c60ffe,neutral
a5abb95859,negative
e32bcc9304,neutral
f4e8990f70,neutral
2f9f6f89cd,neutral
a86d48a430,neutral
1e2e4371a9,neutral
dd3dbdf77e,neutral
8d4c510735,negative
4ea8274298,neutral
b521edea57,neutral
a74b7578a5,neutral
173738ce2a,neutral
674bb5ca74,neutral
6e424d5ccf,negative
d4305524e2,neutral
e71ac19463,neutral
ab464f70e6,neutral
d546f8c422,negative
bab26fdc24,negative
4f0c1d97c4,neutral
24a7c7e988,neutral
b7b0f4fb71,negative
6957e5f1bf,neutral
ee87e14bee,neutral
0f9b915617,neutral
f3afed1887,negative
51d74124da,neutral
bcd831b113,neutral
f39c65d9ef,positive
1a9933a4fe,negative
c4453ff2b8,positive
a3f0f32135,positive
f433396b44,neutral
6388c670c6,positive
bc3032341b,positive
b7c1a22a62,negative
ca66e5e4b6,neutral
be16255b41,neutral
8fa75341d4,neutral
d147a9feb1,neutral
afc17894d4,neutral
03b569041c,neutral
ea5c577cb7,neutral
9891da8fff,positive
5f42a2d026,negative
d3a576d221,positive
eea9145f1b,neutral
49ec0f5742,positive
7b65e54ea9,positive
80832ca578,neutral
be226efbd2,negative
0b581d3f9f,neutral
1973abbb06,negative
7c6b2e810a,neutral
ab07a3fe36,negative
b8d1e767b2,neutral
efba862a1b,positive
d109999477,negative
cf64d19714,positive
cc153c2a35,neutral
c5556624b0,negative
f46d274a8b,positive
910a250227,negative
ab52225ed8,neutral
f40d533a23,neutral
c336250f8f,negative
f23c1c4255,negative
896289196c,neutral
02624773ca,neutral
31a107dbcf,neutral
eabaf375f4,neutral
51313cb3fd,neutral
42ebd9099d,neutral
6ac3031bc9,positive
666f836b32,negative
6e41749ac7,neutral
98f836e4b6,negative
88b6d952b6,neutral
f6d56869b1,positive
58272bcdb4,neutral
5ded2a1364,neutral
6612e42b28,neutral
c10ae302bc,neutral
980578403b,neutral
de0673a07d,negative
dc0f5bca14,neutral
787df2fd0f,neutral
36f885a911,negative
acf54fad30,neutral
8b0054a807,neutral
4bc7d627ad,neutral
6bdd5e9d7e,neutral
af706b4c58,neutral
4987043fd4,neutral
e7f2b44a1f,neutral
cc53e85d21,neutral
9508bfc99f,positive
3ba9e80d1d,neutral
300c739684,neutral
e056f0a268,neutral
a050668b78,positive
887e90ff88,neutral
047abbd04e,neutral
b6d5af9406,neutral
fd34ad6207,neutral
278c0dceeb,neutral
b6f66e0621,negative
1853fae31c,neutral
87c799a397,positive
4bc4d97503,neutral
d11816c1c7,negative
0fe8023456,positive
a9b19af9ee,negative
6d65d9dc54,neutral
5f91766356,neutral
62c9a90f1d,neutral
2d5b920414,negative
b96b9ecc3c,positive
a0e8168015,neutral
4f9ee6208c,negative
e5339e66dc,positive
7811012154,neutral
2d361cdd4d,neutral
eeb047e369,neutral
f7378bc34c,neutral
d682402e60,positive
2983528f77,neutral
4bb00e884a,negative
4e4e9c3802,positive
fc6128f4e5,neutral
bed26c1d7f,negative
b6262b919a,positive
61eae11e5e,negative
536116702e,positive
1ee5496252,positive
baeb21b26f,neutral
d8f4aefacc,neutral
1f7717fc7a,positive
70932f6376,negative
eba3cee9be,positive
a5e47d75c0,neutral
10b36df3e0,neutral
c027e514d7,neutral
3dbb8c1489,negative
b8c518e02d,neutral
eeff416e05,negative
a267dfc19a,neutral
3d1d381278,negative
8d36ad290b,neutral
bf6727bf27,neutral
3864a39777,neutral
e84aa8b193,positive
defc8b34af,neutral
4e43ad756c,negative
0f22984306,positive
ee9eaed59b,negative
6dc625db0d,negative
671f6900a9,neutral
0e0424c9bd,neutral
e6c2edcb0b,negative
9b210c4a6f,negative
4d461bba2e,negative
b733d36b6e,neutral
68c674acdb,neutral
6cadda7b98,positive
79a28b1ac7,negative
92d94fa045,neutral
05a1b09ce9,neutral
e6b01d5777,negative
2c4b87059b,negative
8c5e613c41,neutral
6c31bc1182,neutral
5f4e052208,neutral
8485d5828e,neutral
3735770b07,negative
4c395ff61b,positive
cb673d84af,negative
4ad37ac5b7,neutral
929b5c888c,positive
fa959f2dd3,neutral
78d89e7c64,neutral
127ee02f19,neutral
f6c69d962e,neutral
4a653d8227,neutral
35eb97a484,negative
55441697a6,negative
49a1fc4061,positive
2e49927901,negative
f85c7e5ead,positive
6033018ee4,neutral
0c35e093bd,neutral
7069dd2486,neutral
7a78bcf308,neutral
894e948ead,negative
fa89412e2a,neutral
12b2075369,positive
0d77390e74,neutral
8f3fc77f66,neutral
df0f568747,neutral
67a5d0a19c,negative
0435d42f80,negative
1e633e1874,neutral
81950f02a4,positive
0b8b37ba52,neutral
aeb0593edf,neutral
e09f5b6b95,neutral
f60dbc9737,neutral
e0e9cb3902,negative
3ec9a1578c,negative
349251e2a4,negative
07c4438a0a,positive
441e2a5a82,neutral
09140327f6,neutral
2fadf73014,negative
ef5ba215b6,negative
440e8fc447,neutral
7eb1620dec,negative
bdc7de6846,neutral
d2565af489,neutral
4ed4f2fce6,neutral
ecc58c9428,neutral
915ce84b4b,positive
4d194d770c,neutral
eed1736183,neutral
13ca815d01,neutral
48a90031bd,neutral
1c14b45cee,positive
242de9277c,neutral
b287d39fb3,negative
986073590,positive
081ac56240,neutral
095410237d,negative
3cf6817f75,neutral
edd38781e4,neutral
d664f99182,positive
e8ddfa3959,negative
502aa24ca7,neutral
3861b033fb,neutral
86a28f67e9,neutral
83c92f835b,neutral
8d138ab15b,negative
9e8665abc5,neutral
d4623c0bd6,neutral
75ca238abe,neutral
ec8507eef4,positive
65c1831198,neutral
dcb745bcf2,negative
cb1a68137c,neutral
a4d578eeb1,neutral
64cf7657b9,neutral
650fcedd22,negative
0e0b4a2960,neutral
106a999786,negative
6c18eab109,neutral
d792349406,neutral
dbdbe24969,neutral
5a3c9bf459,neutral
f61861742c,neutral
2a69a25949,neutral
8d02587ab0,neutral
6940969fb4,neutral
06aaa8e680,neutral
f4052e9331,neutral
35f539ffa8,negative
736f2bd7b6,neutral
35e15c616c,neutral
4104064854,neutral
d5c25dbc63,neutral
34b7f333cb,negative
bdf9453e5e,neutral
6c409292ce,positive
ee89b16825,positive
9f0147e874,positive
1962233e5d,neutral
f2d120c26e,neutral
10c841e57b,neutral
5aa568e0a4,negative
2c9aebcb01,positive
101a8b583a,neutral
e01eb1cf88,neutral
7017d6c8cf,neutral
4793312f15,positive
ed539778c1,neutral
198854f289,neutral
d1aa96a414,negative
92fe747a96,neutral
2.08E+12,neutral
784fbab498,neutral
a3dff88c1d,neutral
1977ce206b,neutral
21c6854561,positive
eb9b4d2431,positive
0b3b751482,positive
932af12853,neutral
aacd4d0c3f,positive
ee35fcd036,positive
44daf50a02,negative
7623079330,negative
e64b0cc77d,neutral
780ee451f1,neutral
59ee5ff2f9,neutral
001e4be1ab,positive
363460c8f4,neutral
5be8565b8d,neutral
ecaa478ef4,negative
acdbccaeeb,neutral
fc28b797bb,neutral
5a8f396cb2,negative
06a6314076,negative
82ea51ab18,positive
895cec1c48,negative
8fb50df8d2,negative
37fa199c50,neutral
121b9c13c2,neutral
451880b8a6,positive
c08a90abbd,negative
23dad0b69f,neutral
470f2669c4,negative
53aae02026,neutral
ec946f285d,positive
0b25a31b7e,neutral
d2a3207aae,neutral
5dbb7ae2a3,positive
151779dfad,negative
c4393e4cba,neutral
88051e4bea,neutral
845495ffac,negative
241afcd4ec,neutral
eb85ce805d,neutral
a04227ef4e,neutral
98c11bdba8,positive
11634e3bf7,neutral
944cb46d62,neutral
c9dfbf4275,negative
1c2a41d71e,neutral
c5d1af4ed5,negative
8c582b0575,neutral
db331541b6,neutral
82c72d7fd0,negative
ade8ce79b8,neutral
80d96cab37,negative
2a054d9205,neutral
2f8250d0df,negative
0c83190ad8,positive
7ebaf21cf7,neutral
cabf8f9dea,neutral
706a860942,neutral
5de3c34293,neutral
327f378bd9,neutral
9d187014d5,negative
e4f5ac16a7,neutral
7120ebfa1b,positive
1b64ea8f30,negative
954f523ded,neutral
ed4b3d03eb,neutral
87187923db,negative
bd13675621,neutral
e389e41385,negative
88375a5f3e,neutral
7257f9b2b0,negative
d80d99b28c,neutral
f6d3caf9ed,positive
a00246028f,neutral
57f432f582,negative
14193ff01c,positive
07a8205fee,positive
11e23ea0ed,neutral
9198679ac1,neutral
348804d270,neutral
dd7a9fb210,negative
839095ea38,negative
fb10c20429,negative
f52e7e5a88,negative
db4a79059a,negative
9114d80bac,neutral
7674cfa90a,positive
7dc87b5fc5,positive
6328fd1b81,negative
0473875c4a,neutral
3709c4e1be,positive
962ca0488f,neutral
846d43bc8f,positive
aa6e04fee2,negative
b84d47c65f,positive
646d1df036,neutral
b00763f904,negative
da60c4db48,neutral
ebecd8135f,neutral
5b584d38ff,neutral
eaf8a522e9,negative
4e38efebc2,neutral
3195d34e5b,neutral
8d2be5bfc8,neutral
6788d6c565,neutral
fd7434a0e9,neutral
3e3496c6d4,positive
81defce8a3,neutral
62ed3d6141,negative
1219ed4a21,negative
9c90694664,neutral
c35b8dbb8a,negative
b39dbc6ee5,positive
3df0f721e1,positive
e9c8585ad1,negative
2c9d5de236,negative
f3912c1463,negative
fc5aa0f34f,positive
ce71d002ec,negative
dab7f56791,negative
4c1733246f,positive
cc1f8918df,neutral
76f0861133,negative
074b2d89dd,negative
398d591255,positive
f8d8ebaf8d,neutral
a267c3e874,neutral
c6e5884baa,negative
b1ddb9811e,neutral
e30721df0d,neutral
ac4a84a76c,neutral
959c593450,negative
f20074e0d0,positive
259b075523,neutral
19365e33a0,neutral
78b24a76c4,positive
00276ae6b1,neutral
3592e3ebc9,neutral
79c57e46eb,neutral
54eba9eb73,positive
e17302312e,neutral
360af83c85,positive
4331a46aba,neutral
10502f22bf,positive
6d7cbd206f,negative
5be9ccda69,positive
0dc0eb905d,neutral
a29a76a54c,neutral
63491134ab,positive
4fb2131d08,neutral
2cec07986b,negative
5e84445c6a,positive
fd5eece5b2,positive
7b88197891,neutral
3ba8596881,negative
ee6febbfb4,negative
fff97388cf,positive
e54c45018b,neutral
2a2c1635c8,neutral
ca929837eb,positive
046af350ac,neutral
19f108c62c,neutral
7a897c9999,neutral
1aba7766ca,neutral
575e4a89fe,neutral
7e8212f5f2,neutral
8800a2d912,neutral
e05fd863d4,neutral
09a5b9b958,neutral
32b129dc3f,negative
b4031d0753,positive
e7a0f7ac99,neutral
a9da40eedd,negative
3c9419868b,neutral
0d45e4e926,neutral
b667160840,neutral
587cf8a61e,neutral
89ac21e1f6,negative
6769efef8a,neutral
b1f6fb88d4,negative
34a862a739,negative
5da03690bc,neutral
bc7b967aea,negative
9be622ea54,neutral
faee4563bd,neutral
02baa25e55,neutral
e162b84433,neutral
156816e845,neutral
c13b15d9d1,neutral
204d6510c6,neutral
fbd510ea84,positive
2793cbbfab,positive
490734b764,negative
b106a248a9,negative
9f9a4e2bb2,positive
6e2c555beb,neutral
838c1184b4,negative
b04dcbb3be,neutral
71c6b00c21,neutral
81de3c6143,negative
bfb0644d9e,negative
f02bdad05e,negative
f57f3b6265,neutral
16a66e0b8c,positive
84c5b0a3f6,positive
83e576fd29,neutral
9946895c91,negative
49ec855925,neutral
ee51d32074,neutral
ab5b510355,negative
d64eec0d6c,neutral
75b30e5358,neutral
514b972ba8,negative
bd90c840ea,neutral
3ee7e1cbb0,negative
e5599343e7,neutral
0b20eef5b1,neutral
790af846a5,neutral
f6e3a6dd55,neutral
abc1500c46,negative
9d6fc9c77a,negative
73e548424b,neutral
316d5aeaf6,neutral
7907132523,neutral
43ee9d3c82,neutral
a584ebd602,neutral
3d4b0a81a6,positive
b303da170c,positive
9f7da3aa4a,neutral
e22beff480,neutral
a6a3368db8,negative
389fc0d397,neutral
1bed6bec2a,neutral
1ca1423c00,negative
778c5660f8,negative
9dfd003f1e,neutral
f61d7dbd8b,neutral
f5d5f1fd33,negative
6be041409c,neutral
4c79259b5e,neutral
9cd32dbec4,negative
675ce92149,neutral
1d84094014,positive
dc9685bc8a,neutral
b7e17b2bde,neutral
903cce2dcd,neutral
1c1077af54,neutral
c625cee17b,neutral
6c82821920,negative
ced1083324,negative
1d428212cb,neutral
a4ee41dc64,neutral
12da846f8e,neutral
4f1a7d1d2c,positive
d901264a08,negative
61ce1c40e5,negative
8dd7e34100,negative
6475c6d26d,positive
b681aef9aa,neutral
5423cf0811,positive
ace8edef1d,neutral
8b3811c819,neutral
e9174e5bb2,neutral
0b6444627a,positive
960ade8bfd,negative
a8bf8239bd,neutral
33680fc87e,neutral
e0264b2a5f,neutral
25ce655a84,neutral
25f1991c36,negative
84fcf21a64,negative
7de5a7e4cc,neutral
389a3e653c,neutral
4c0329867c,neutral
20a5175d49,negative
2785576a5b,positive
b7299d0e70,neutral
e035aa9fe3,neutral
5eb31e181d,negative
1281b062a4,neutral
54aa9ae3a8,neutral
1d18c624f2,negative
9fbf0d59cc,neutral
f2a92aa5ff,negative
0d737380e2,neutral
592b350f6f,neutral
4363c63d9c,neutral
533a5604dc,neutral
437f792822,neutral
de168e6328,negative
d60072b03a,negative
8986091fd3,negative
3b743ded7e,positive
79e7a9ed8e,negative
dabac40552,negative
b0cae38eb0,neutral
96e77388b8,neutral
3e9ba7f25b,neutral
4fb0995de8,neutral
e711c03c57,neutral
52576ae085,positive
2b049dbcb1,neutral
adc5ea18b3,neutral
5c9645561c,neutral
ef329bc827,neutral
841a5cfcdf,neutral
52eaf44b44,neutral
895de1648c,neutral
9e972c1093,neutral
ebf2a10961,neutral
bd74c21c43,neutral
a6aeb0b520,positive
24afdc75e3,positive
0d4d5b49b2,neutral
78819d2e53,negative
91c44d5912,neutral
11aa4945ff,neutral
495299c926,negative
7f3b118605,negative
3da6270b02,positive
9a2689017d,neutral
5eea04087b,negative
7058fc87de,negative
95189cd3a8,neutral
40ae4f1f0c,neutral
d24c474353,neutral
b13981be78,positive
44b0b41b62,neutral
a2c8b8dad7,neutral
4d818fe6e0,negative
b8d9a368ae,neutral
0010bcc0e2,neutral
58c5bad2d3,neutral
7407e1cf5a,positive
0e3d0b5ab5,negative
c0e5365bf0,negative
0be9ed25f8,positive
04095b70bd,neutral
64b8d96644,negative
68bf3f1fec,neutral
8e3b60deaa,neutral
341ed728c7,neutral
f585c22106,negative
888b3fdf3e,positive
540f0477e3,neutral
79852f9590,positive
32b2c8b924,negative
94e0366b6d,positive
094681e31c,positive
6641548d60,neutral
b05be3118d,neutral
291b817092,negative
f837a046a9,neutral
a567459a1a,negative
4cc3d3824c,neutral
e959cf04e4,positive
271bb5e6b7,negative
c8b610923d,neutral
27d0c01bc2,neutral
b86d2cca27,neutral
9c11756ef3,negative
7bad0b9772,neutral
c6881ba0e1,positive
81622f137d,negative
82cdd851b7,neutral
911bd25026,neutral
a64b23f5e4,neutral
30e7967de4,negative
f45a9649fb,neutral
da5c3fa1ef,negative
22e5e3cad2,neutral
3ba549158f,neutral
a975e49753,neutral
c3541b6a2f,neutral
40e1ca4ab0,neutral
08d8063529,neutral
36aabd3627,positive
8f851c59f6,neutral
a351659f85,neutral
33ae501ac5,neutral
3775f77081,neutral
cff0e3e256,neutral
0ac7e72578,negative
b854daaaf8,negative
85117f3ab3,neutral
daa651cfd4,positive
85de235e0e,positive
a8e51d1a43,neutral
28825fc1f9,neutral
0796ce6ac4,neutral
416726e6d2,negative
0e4bcb3a52,negative
dd77d3f5cd,neutral
bf46ac3c7f,neutral
3742419885,neutral
a203734990,neutral
2b70bcd0ad,neutral
50dd008fb5,positive
c501544be4,neutral
5b5be601c2,neutral
ddb4330613,neutral
cc0ad12b7c,negative
4aac092937,positive
a1ae4e2000,positive
8b37012287,neutral
856bb40ae0,negative
cad8db609a,neutral
93a199b78f,positive
dd49f1179d,neutral
5f455a3147,neutral
1d5d10eedf,neutral
16357f7283,negative
5657eb8429,positive
65c7eae9b6,positive
ebb86c4db5,positive
5bf798868a,neutral
756d255e40,neutral
4d21d7611c,negative
131bc4a304,negative
0a2c386597,neutral
71617c28b6,positive
656e4dfa55,neutral
fb08563a7b,neutral
5c04a86c88,negative
94c3127153,negative
226c11669d,neutral
79e554fd60,neutral
582e5d7420,neutral
f18ed21359,neutral
206aba0edd,positive
1f2445122f,positive
ee100f96c1,negative
e939fe583c,neutral
a1f42c0c89,neutral
2cebd75ed4,neutral
5921dbcbf3,negative
e1db1eab6e,negative
982b1c05d3,negative
afd2159e57,positive
533d941f5f,neutral
38c4f74767,neutral
f50fcc36b5,negative
676b733c57,negative
1aa65233b0,neutral
f422f53b7f,neutral
04887b5405,neutral
f7f3dc7102,neutral
081a4e8b31,neutral
1f45286504,neutral
6ed0958471,neutral
2132f07ca3,negative
6db884e1a8,neutral
9fb3633760,negative
5181eb11e4,positive
13cad32c3f,neutral
41a86a9b67,neutral
0b2ccf0b7e,positive
6f91801792,neutral
d8f089b479,neutral
ded636e263,neutral
52d7fcfd39,neutral
5acf4885d4,negative
dfe5909132,negative
59d4b58ebd,positive
b5cbb35228,negative
ad1524a0c7,neutral
0382b0a358,positive
fe9c9f7f2f,positive
7a4f2f28ba,positive
4b3a5b41b6,neutral
b6cd695d48,neutral
cd60606781,negative
32e183bbad,negative
15e5ad39f3,neutral
bfca4ba8ce,positive
062ffc4f0d,neutral
5bdecb0d75,negative
1b59763e81,negative
a17703215b,neutral
a240940b31,neutral
6c256de604,neutral
5955233380,neutral
51be0f0a7c,neutral
11946e367a,neutral
5d9e44e6aa,negative
a37538b291,positive
c9a52dee1f,negative
1dda981140,neutral
35aa02c551,neutral
dbeef30a84,neutral
67381561f6,negative
3911f274d6,neutral
ed84aa3983,positive
822cf03d0d,negative
670ce5e88e,positive
10022832ae,neutral
7f8240f623,neutral
f1776ec89e,negative
2ea6cb3bd3,negative
877130d7e5,neutral
1937abbaac,positive
0a36e72ac2,neutral
e4fa21bd2f,neutral
cfd68d702e,neutral
b5da09a0f6,positive
53a531c7b4,neutral
32739ec46e,neutral
054d16c70d,negative
b1195a418c,neutral
2d782345bc,neutral
b8b975d265,neutral
4b1e5d7c3a,neutral
5898290010,neutral
39f74c5153,negative
3949bb2591,negative
ced0bb0d25,neutral
5428d6a1dd,neutral
3f09fa2af2,negative
cee062574a,positive
166332e48a,neutral
8f25eabe4a,negative
3c41934098,neutral
9c1e71d5e9,neutral
1cebd63a24,negative
8e48929733,neutral
6545e365a0,neutral
b221ecd789,positive
c28bdcf8dc,negative
43ee369d34,neutral
9093f4a84f,neutral
b432c9fadc,neutral
87b8d7449f,negative
36589d3c2d,positive
5055018a65,neutral
28013de754,neutral
df82999f38,negative
ccd4caa001,neutral
e10587e6de,neutral
d41721b745,neutral
fc5de3287d,negative
96ed7455c3,negative
1cf039efa9,neutral
ecfcc8230f,positive
3b5d1cc375,negative
5dfc83d141,negative
7a7f7181c7,negative
38d2b216c7,neutral
5f58dc8b36,negative
b8332c63c9,neutral
da62e66fac,positive
d3ac1634fc,negative
ae5b8cf7aa,neutral
2fe4f05a35,negative
aee0796720,neutral
5b6212874a,neutral
49d708c7b8,neutral
360583f897,negative
123704488c,negative
3d22669847,neutral
a47a7599e3,neutral
cbb9d08353,negative
43cf42df19,positive
82319bb9ef,neutral
0f7696a955,positive
5213af0cf4,neutral
c400b1fb2f,neutral
225e7973da,neutral
9a9fa3f033,positive
4bf04f6e67,negative
989ba2d8e7,neutral
cb4adb2254,positive
e4ecd62689,neutral
adb0fc398e,neutral
46ffb6bd0e,neutral
20bf68a459,neutral
e0f831f552,neutral
968910f054,neutral
5cc015ed85,negative
380c3d243a,negative
489b7fc86b,neutral
05198b8107,neutral
3c4cd5a819,positive
d276268ebf,negative
78e07d2075,negative
e7a714bd8a,neutral
9c8ad0b932,negative
f765bed159,positive
3e661b33eb,neutral
17029c297a,negative
565e68ade9,positive
d4753cae10,neutral
601a57c65a,neutral
17bddf4bf3,positive
127260366f,negative
42a95b10b3,neutral
9630a8a60e,neutral
02b6664fc0,neutral
74e71ffd48,negative
2bb3411362,neutral
172b9d5155,negative
a3893b1fce,negative
6bdaadbc09,neutral
949020a350,negative
d8d52d2cb2,neutral
63a1fa4db7,positive
8362ba6ae2,negative
89d0e4972c,negative
ac4f58fce3,negative
e8641ec31d,neutral
a56416d946,negative
efbd798924,neutral
eff365b5b5,negative
53e1fc3b18,neutral
e52e2ecfc5,neutral
49c713c76d,negative
855545a974,negative
e96601d516,positive
dd3d4c2edd,neutral
cb7163bb37,neutral
788e29ae5c,neutral
eaa096c532,positive
f602450df1,positive
63983dd792,neutral
1981e74a66,negative
876bfcc38c,neutral
a8d61ff137,negative
a375a16694,negative
f420223044,neutral
75b9768faf,negative
4c973ec65f,neutral
f554f3fa53,neutral
ae12877dcb,positive
101bf94294,neutral
a1b12787c2,negative
8645287c66,negative
c8384a0df6,positive
60fbd17c2f,neutral
51600bf195,positive
94f0a2521c,negative
1c5ca67cf9,negative
07b995a175,positive
5664973d05,neutral
b1caa80c14,neutral
5afa60036c,neutral
c0aee462ca,positive
d4834cfc49,negative
ab6d4ad2fa,neutral
54717dab38,neutral
80db97bacc,neutral
47617218fe,positive
656a58ba47,neutral
03d9dd414b,neutral
4f2bf0e4b8,positive
de20a4f9ba,neutral
ceab14b717,neutral
c2645bfd2f,neutral
9f2322eb66,neutral
19693f5997,negative
d1732ef2a9,neutral
fcb934b1ea,neutral
acdd6596e6,neutral
f4c5160e40,neutral
0e3f632892,neutral
0b8cd8a6a8,neutral
29d1f7e4f6,neutral
264871e342,neutral
e4bb03893d,negative
cab95c99b8,neutral
d847cf8346,neutral
babe7f5404,negative
63f47fb1e1,positive
bc9097ade0,neutral
34ea29707a,negative
cd00966e36,neutral
40d5393a6e,neutral
3db940a3d7,negative
9a2c6ae21c,positive
fe584461ef,neutral
f7c49f422f,positive
95dbb10a09,neutral
68e1b374ac,negative
bc3d152a07,neutral
77de10258b,neutral
7ea7deb09d,neutral
4805e663c0,neutral
85859d775f,negative
f61a3d6393,neutral
89a5639a24,neutral
454c890bb5,positive
20eeee52df,positive
e14bd46ac9,neutral
36c1a56493,neutral
88ea8d1421,neutral
5e80e58699,neutral
1caf64ff52,positive
70fba04997,neutral
570c1a92c9,negative
07dbf16cf0,positive
dd069f5bbf,negative
414734257e,positive
93c0d86282,negative
2b2f63eb2c,positive
d8c30b8a27,positive
1efbccc936,neutral
8a768f4305,negative
b9b4e92118,neutral
67447c7a51,negative
a0450b3745,neutral
d3c0cd9fba,neutral
70db92882c,neutral
54919bf6ea,neutral
2ae6fffca5,neutral
0a34728a30,neutral
cfa90fa221,neutral
ba59e4ea3d,neutral
1115490075,neutral
c4df4b1e33,neutral
1dbae05df7,neutral
04d19a025b,negative
df566d4c87,negative
25722484f8,neutral
94f554867c,positive
7f5c419a7e,neutral
e3a8728252,negative
333f3d42e2,neutral
4e643cc041,neutral
55bfdcf9bf,positive
564d996422,negative
3a07e1cf57,neutral
29a6fac317,negative
4c2cb5387a,neutral
d0a4b8bc09,neutral
484373037f,negative
b37fa20e4e,neutral
6dc1aa9db8,positive
ba7df25a0e,neutral
4178eae6e8,neutral
d50b0a5b94,negative
f99a3c423d,positive
5fa63f624b,neutral
5b1260de70,negative
3b26122664,negative
b1da216450,neutral
e818eb3851,neutral
3c58b704f2,neutral
0fb19285b2,positive
b8e35a07a2,neutral
df8b63c379,neutral
f9752f3768,neutral
d760e45546,positive
914ab55259,neutral
42590d5199,neutral
aa4724b924,positive
5683fb4e31,neutral
d73e917df5,negative
b3d1523864,neutral
3555ac7c01,positive
118e2d6168,neutral
a17c16036b,neutral
96f3650135,neutral
d528912ba9,negative
b3920a7615,negative
226df3194c,neutral
7ae1f564ce,neutral
f1f5baec38,neutral
d05b0f464a,neutral
bbbe1a1a9b,neutral
31b002108e,neutral
8af4011f58,neutral
55210b6e39,neutral
aeb56209ce,neutral
5026e37179,negative
6d6e5c1d96,negative
bf580a287e,negative
31d102fb4c,positive
4d3c23d2e9,positive
3eacf08209,negative
b659d14173,neutral
e78f6d920b,positive
6d6e1944dc,positive
1c25a69c6c,positive
4862263051,positive
97fb7ec718,neutral
18fbdd718b,positive
c7f60af36c,positive
c467f58715,neutral
c8a1dc1f03,neutral
6e059414a2,neutral
e337f23744,neutral
70fa6e0152,negative
096ed753e9,negative
46cd71439a,negative
66dfc52d42,negative
6647959804,neutral
0754d96b4a,neutral
12ceb7565a,neutral
ace00f13fb,negative
15e2731c37,negative
8628349c27,neutral
99e466c1e2,neutral
1e4e4b607e,neutral
54698d6dd1,neutral
b3cf47c9c0,neutral
bd213e5f40,neutral
c964730131,neutral
052fbbb0a9,neutral
39e873ffd4,negative
e2c48f0201,neutral
19cc63aca3,negative
5d713d947f,negative
f180c62405,positive
808aaa8dc6,neutral
2f43347970,negative
632ea65f37,negative
79f4e2fe31,negative
3cf7d3cbea,neutral
20a2a8c3c8,neutral
5875847743,positive
15db00c707,negative
904af41287,neutral
88fad37761,negative
b2dc9aa460,negative
4c2003055a,neutral
e2eaec80b9,negative
e96ef28e55,negative
1eabe43846,negative
c83acf7a6f,neutral
ef2f959764,neutral
32ad62e131,negative
da15c4b003,negative
670244dc63,positive
38b6b897f4,neutral
be346f0d98,neutral
be8e327d50,positive
0c37fc95e3,positive
00688f0441,positive
1ee78ef6e6,positive
98434ae90d,negative
ee55b5844d,negative
520e9b5484,neutral
41e9e0fc5d,neutral
934ac753a2,neutral
b943a19a88,neutral
efac7aecb8,neutral
318bade93d,neutral
ecc56a776a,negative
3c048c6a14,neutral
0d63dff2e5,neutral
1fc3517acb,neutral
4ef9dfdd0a,positive
fc0d5427f8,negative
9f69f15ca6,neutral
2d6ecef1de,negative
6334ad4725,neutral
fe9b205b30,negative
3266de0475,positive
ca1d744985,neutral
81ef3d303f,negative
1f163ffa8a,neutral
896669ae51,negative
f8393c572a,positive
87bfbb125b,positive
1738ee7f17,neutral
41e53f9cb9,negative
d948eb5d1e,negative
c9c0e975c0,neutral
f3e83b7d22,negative
60b050c72a,neutral
7037789f98,neutral
1c66900f85,positive
02aa2d95ca,neutral
69728f3226,neutral
3563567f97,neutral
e19f77eaf8,neutral
c3e4e319b8,positive
d2be8d7fd4,negative
e57eafee65,positive
a42e148220,positive
f5e5205d2e,positive
96a8112f12,positive
b9cb67bd1c,neutral
18219a326d,neutral
306795507a,neutral
4e05652b8c,neutral
d24bdd2844,neutral
1b4612b286,neutral
ac75f9e59f,positive
7a5e6a6349,negative
bd115d950b,neutral
a875ccc879,negative
70d2e5add2,negative
943b1558e1,negative
252a0078c7,neutral
f245456ba5,positive
e9c03baff9,neutral
5865232bd7,neutral
a16f652927,negative
acf7eddf2b,neutral
da39cbf3e8,neutral
3d054d1072,positive
e4891b511b,negative
da37487780,positive
be78fe3df4,negative
a30a9b4003,positive
ad0dd05c20,neutral
f347bda133,neutral
861f5b2008,neutral
27e3a4acfe,positive
8628c6df3d,neutral
fd871c70ad,neutral
f525424cfe,neutral
f3afc03b4c,neutral
103c6425c9,neutral
6fbd9f3ae7,neutral
ca8ae20678,negative
cb349ee334,positive
e5d88bca69,neutral
63d6ff064f,neutral
df9709f719,neutral
0828b1848f,neutral
3f6bf57365,neutral
e1b0bb3509,neutral
2d8d4624f2,neutral
84ba2c6195,neutral
eff38f3689,positive
fc2a587094,neutral
3e5c571a1a,positive
cc7e3d0e3f,neutral
3ed3cffe21,positive
d31f0597f5,neutral
47a47bd1a0,negative
bf9189459f,neutral
199d624a97,neutral
c23bf94285,positive
a3cd0a7228,negative
4219979931,neutral
ab925cac3e,negative
e2bf49618d,neutral
d6dcf8c5ef,neutral
d4aa6a714a,positive
dc78ad00d3,positive
0a49d88d14,neutral
ca75f7e584,neutral
d18a55e49e,negative
620741fc16,neutral
3289389558,neutral
1496a45408,neutral
a4b7cca240,neutral
f321d7a256,positive
e1dbabfca3,neutral
f4855a1986,neutral
92b95ebfbf,negative
f8d2395684,neutral
a4468f0e74,neutral
850681c6b2,negative
6999d42bd9,negative
07a3ac5a80,positive
7f4a82153d,negative
84548ab6e2,neutral
9c65f93a2b,neutral
448c887bd1,neutral
e19ed00091,neutral
b59a892581,negative
be6d61ef42,neutral
6b6ff812c1,negative
f02147d638,negative
a85e779682,neutral
52e7b6c3d1,negative
8247622f9b,positive
df320b92cd,neutral
5fb30f858b,positive
238f8d875e,neutral
02883c7ab1,neutral
3593dbe193,neutral
9b186b77f1,negative
d9bc353713,neutral
f4032fd33c,neutral
93b34b1964,neutral
aa2c27ea07,neutral
2e56c6a83e,neutral
2e94c6bf84,negative
a1b435d7b2,neutral
c5628b1962,negative
0aec5ff9a0,negative
09910a212e,neutral
e5b36bbce3,positive
d8ea663169,positive
5773cb0640,positive
8c5d6357cf,positive
d01966504b,negative
02ea3e88bb,negative
1e52917c17,neutral
4d5a01ceea,negative
656119dd86,positive
f68a3ece4b,neutral
22d22bda0a,negative
f2a3b9d7f4,neutral
bc3c21ca4e,negative
b9285b80a9,neutral
47e8896447,negative
c2828fbc35,neutral
a4ab64c15c,neutral
da4a26cd96,positive
3b388efbe6,negative
449d73bf4f,neutral
c63415814e,neutral
c818fdf4b8,neutral
da76e6c8e1,positive
b9798fcba9,neutral
b40a435ea7,neutral
d6606e8167,positive
d9564b50ef,neutral
0d769aca27,neutral
23a614d341,negative
c4a00650cd,neutral
5aa8c0daad,negative
adf5be9ada,positive
343c2dd395,positive
e64a4d5361,negative
facd1f468e,neutral
11a3a0fb9d,positive
61fde0e7e6,positive
769c8775bf,negative
24747934b4,neutral
d79f6eda9d,positive
e8bbfed756,negative
413eef8c27,neutral
90fddcbca5,negative
33745d82ff,neutral
59b63d3b0f,neutral
032fc2b3a2,neutral
739f17cfe1,positive
4db44fd32a,negative
06ed7a838d,neutral
fb7e52a340,positive
7574ef7536,negative
e2d8e05859,neutral
6ff99dcdc1,negative
6e0abe59f9,neutral
ec1dd094c2,positive
6471ce79df,negative
7ae4f41a31,neutral
44da94a9b7,negative
a3dc4cf37a,neutral
b2309cd1ce,neutral
34e4bf2b94,negative
6fe5a83801,negative
f87b8847a9,neutral
948fd09708,negative
8244eb7ae9,neutral
f446d26bfc,neutral
da3dd37b70,neutral
a7a5cb1584,neutral
16fd300910,neutral
6a818203a8,negative
3102d159d1,neutral
0eb06a4076,neutral
4454e4d53a,negative
2b18f3c81f,negative
e8e5d28fb4,negative
c3feee17fd,neutral
eadd269ce5,positive
fd5ee5b52e,negative
b454c1364b,negative
77e57c378f,neutral
e24b1487e4,positive
41bb347c8c,neutral
d7f63d1bb6,negative
13ff4f0f99,negative
34533b5903,neutral
63c7425486,neutral
44c1c813a1,negative
8e34972820,neutral
bb8443d7e2,neutral
cadb7e8823,neutral
65019c18cb,positive
126e2e83d6,neutral
42d4d17693,neutral
8837fac289,negative
1fb1670192,neutral
669c709c0b,neutral
c7e52408c8,positive
f6f96dd249,positive
f8456f260f,positive
51ddb4abcf,negative
15a017a8e4,positive
089f2af7b9,neutral
28bd0fcd11,negative
f79609f1b3,negative
8e7d2d0ea4,neutral
b847eb1075,neutral
f923746a3f,negative
80279a9e74,neutral
5d3d18f13b,negative
6debbd53ee,negative
f2906f0420,positive
a7f12fa546,positive
a72c5d15b7,neutral
bd4c861cc2,positive
5ec14d968a,positive
ca2896a372,negative
416e6352b9,neutral
2987cae592,negative
692cd6a34b,positive
7067e6046d,negative
c4210150ee,neutral
bd095b4751,neutral
3dd127f4af,neutral
8bdaf388f3,neutral
9ddcd3f037,neutral
0457eb75c2,negative
598d35cd58,negative
472fc56661,neutral
d46052706c,negative
6a784b0c72,neutral
16466d0ff2,neutral
68a6cf591a,neutral
04c455e820,neutral
eae7117612,positive
548e2f1e34,negative
32a34847dc,neutral
4ed24c845a,neutral
fc73012712,neutral
fa8998df98,neutral
e540ebed83,negative
e2591a4f5a,negative
ba443581ae,negative
1e7bb0e6dc,positive
3629287285,neutral
f4eae403c0,positive
8d86885941,neutral
2f6e1bc40b,neutral
62bb51eb64,positive
3f8fc09752,neutral
e62ebf8ec0,positive
9662de1204,neutral
44bf854f69,neutral
0b583242d0,neutral
b8846d0a50,negative
898b9a9338,neutral
cb5041f872,negative
144e6fb3ad,neutral
43288822ee,neutral
9a6c971e84,negative
a9edef474b,positive
09a2245f93,neutral
3a42bc3485,positive
3c343d4e1e,neutral
b7259fcba2,positive
d2443706bf,neutral
842e9e031b,neutral
8dc2975248,neutral
a838619ca9,positive
7ae1499198,neutral
6c5002df01,positive
2c0f4ee9e2,neutral
c8cfe01c4f,neutral
e6f7199479,neutral
b9b983a83c,positive
08ad89c6b0,negative
edde6bb21e,neutral
fb1c0ecec0,neutral
e01f6a7ec2,neutral
6068de7168,negative
5adce8e8fc,neutral
ed3f95dd2a,negative
c7e96d2411,negative
5e6cdd7c91,neutral
2ee99fc907,neutral
52c2bbf770,neutral
311f189ee4,negative
fa3d1d0975,neutral
7005fce01c,neutral
0a4594beed,neutral
667e216a44,neutral
cddefa4364,positive
5612d59230,neutral
0690c4b873,neutral
f589c8b60d,positive
79331f42cf,negative
1038091281,negative
653f3adcde,neutral
5a17107aba,negative
8dd4c2b501,positive
bf4c610e53,neutral
b1a2c1b94c,neutral
a624cc6757,negative
7c5b5c6f96,neutral
397ef3478d,neutral
917e217975,negative
a657e300d0,neutral
1872e32e07,negative
c5698ba3eb,positive
6cd9991cca,positive
2bb759d569,neutral
926f9f5895,neutral
b4ea682d4b,neutral
c2fe8bbad7,negative
0d7f89029b,positive
a0e7618e7a,neutral
12d70a758e,neutral
d86941ec1c,positive
9de7ee1962,neutral
4cb6f71974,neutral
10db37e108,negative
881affa1a2,neutral
82582f6d17,neutral
10b9feacd2,negative
9f89432794,negative
684b2dcea7,neutral
2f8444db6c,neutral
8e8ff8dc66,neutral
27bf96d1b5,positive
21af13b50e,neutral
daaff3f5f6,negative
836dd77850,neutral
0197e3ebbc,neutral
796110430b,neutral
3f09c16e52,positive
8f892ed3b2,neutral
a8e2c45625,negative
6030362588,negative
323e67716f,neutral
cda2c56cef,neutral
7cb093f4c3,positive
a9b6058320,neutral
197bec62c7,positive
5db58f4182,neutral
bbf1006316,positive
3eedba9550,neutral
b9b532f7a2,neutral
3a23f53b85,negative
736f85408d,negative
2bffd86b55,neutral
b4d1c8c080,neutral
c5ee1ee772,neutral
138fa4e0f4,neutral
4bcb9c582c,positive
756300c03d,positive
e3ba5e82d3,neutral
700c41e7c0,neutral
f19f0c1482,neutral
f637b48a5c,neutral
6fa5a04599,positive
d54d4de7e5,neutral
71f389a974,neutral
7b05d819ee,neutral
1e32ad1b17,neutral
e89cbe91e0,neutral
b22895c538,neutral
8353cc778e,neutral
10e991f020,neutral
128a73fbfd,neutral
a3c5d75bbb,neutral
2b8fcaed04,negative
37daa255ea,negative
9508aeca0c,neutral
5d47d76ed3,neutral
a0840086ab,neutral
9f23e5d8f5,neutral
c7a59f50c3,neutral
7ff53f335c,neutral
e96c25a560,neutral
56c08b2df6,neutral
d08af78eef,neutral
fdd3a09897,neutral
aef284756a,neutral
84a2eb963a,neutral
df2a0c498a,neutral
8230f9ad74,neutral
ea7e409dcc,neutral
cf1ea9af3b,neutral
b29a9ec749,neutral
9d6e14002f,neutral
051025ff7f,positive
30eecabd12,negative
fe51ca37d4,neutral
75dcba6339,positive
74676aaaed,neutral
cec0440736,positive
c4f4b37c8b,positive
65f5ce236f,neutral
66f40f0026,neutral
e38fab54b2,positive
d67edb73e6,positive
0c0d180b5c,positive
e739d7e64e,negative
2e982cc27d,neutral
3ed1480471,neutral
3e99500fa4,neutral
00ce730001,neutral
ea57382c80,negative
0972b54c53,positive
3b8b4be00b,positive
755a345dc8,neutral
88a4e96eef,neutral
d881666768,negative
998b50607e,neutral
a185f0cc24,positive
6cee199f3e,neutral
34522a55d8,positive
dc513a682c,neutral
cc75fbff94,neutral
fdd859e2d9,neutral
e0c0860417,negative
f0854a3951,neutral
356411fd5a,negative
c780b84d97,positive
3e7c1d3c6b,neutral
e79ca3a450,negative
5609c1212e,positive
8c8e32f76f,neutral
dda6145689,neutral
f03669fe8c,negative
7fb2ca19e9,neutral
25ea895560,neutral
2b6ec32c28,negative
894a3f680a,neutral
c258bebc27,positive
e53f3fb1a4,neutral
9cf0c77bc1,positive
9e07e4f596,negative
bb14e1f4cb,negative
8f65a41e73,positive
c29116d111,negative
efb43fce11,positive
7053623c26,negative
72ee8deee3,neutral
6ffc960726,negative
586e68c59d,neutral
04b57c4359,neutral
e33459f8f1,neutral
43c61eb7a3,neutral
a7a96b2c1d,neutral
87cd836d7b,neutral
a72f4f357b,negative
ad5d8a84c1,neutral
18a11e8dbd,neutral
2e8bd923d0,negative
ebae3ed394,neutral
10c55c13b8,neutral
b26843421f,neutral
f3c6e98737,neutral
b9ade6591a,neutral
3ae98f1cae,negative
3477bb4c82,positive
193fe8822f,neutral
b631ec4bfa,neutral
6913d9c30e,negative
07d608a03d,positive
d0ce0ab587,neutral
425c9eb614,neutral
43790fc27b,neutral
727cbe5970,positive
7d0291358f,negative
9dec21d822,negative
3d90ad58ee,neutral
12b08fabd2,negative
f97b6d38ed,negative
93370a10dc,neutral
3ff2b333c3,negative
ec9c43fbb3,negative
99fdaff40d,negative
0c524f5e69,neutral
1783b5eb60,positive
932227184c,neutral
00f377c634,positive
b99ba239de,neutral
1f9663bb46,negative
23d8ccab77,neutral
f59bbec4a3,positive
a37b6c27a2,negative
1d06a9cc02,neutral
e124c79abd,negative
5a5d7e4d2f,negative
bd3b5dbd9a,negative
12e0187cb9,neutral
ea032bbaaf,neutral
e42d0e6e9d,positive
946573f031,neutral
2d5051cce9,neutral
16fb14a0f7,neutral
8b5e410207,neutral
eaeee872b9,negative
e8d8465eab,neutral
1a857a38fb,neutral
25694a4e38,positive
a4b3b95e89,positive
2e57d38abb,negative
d6b053947f,negative
7db93d25c6,negative
94977637ab,neutral
a028e284db,neutral
513358abe6,neutral
d2dbf84fe0,neutral
9d8efb8db9,neutral
88040d7737,positive
db4bb26337,negative
9e2748c5e4,neutral
060acf7042,positive
5ad2c5e27b,negative
6a5af5f4c5,negative
6fe391edf6,negative
74e36c1c25,neutral
2dfbe0b7fb,neutral
fbd7404138,neutral
a26a75179f,neutral
6a72b1eb3c,neutral
981a6f186d,neutral
d794425886,positive
2280788f99,negative
16ac3c903c,positive
007eeb40ff,neutral
8f44c2f7bd,negative
da82d37656,neutral
970d89d516,neutral
13d29e0bab,neutral
afe5ce5d7d,negative
979153b838,neutral
b34f37f31d,negative
036b210d6b,neutral
5bfc1c74e0,neutral
c1388fc963,neutral
fd1db57dc0,neutral
e7d70b0d76,negative
f3f0fde02e,positive
bb47fa7074,positive
8882fae1ac,negative
c7b61da1e2,negative
ab881218a0,positive
e2b73ce8df,positive
665dcd4cf2,neutral
0b4a2b2eb1,negative
0e72caa348,neutral
2c39030bc4,negative
47caebc343,neutral
2dd1bb7561,neutral
109516d45f,negative
2c4545ae23,negative
8ef3dee547,neutral
1944d83437,neutral
967e1b9ad9,neutral
e4ef55358a,neutral
da276b88e8,neutral
c6c2478e74,neutral
9e29d43b20,neutral
1012d3a39c,neutral
e37a7b9128,neutral
e206dff6da,neutral
9ffc800a5c,neutral
e9e0de67a2,neutral
5ebdc7d817,positive
1d5318a66f,neutral
35182b1866,positive
5caa73746c,negative
c3384d4c6b,neutral
95305a8336,neutral
b7df44c04f,positive
94ba09618a,neutral
dec8c3dac3,neutral
1ef4bca3f5,negative
95b7fa6314,negative
9eb21f1e58,neutral
49e25011f6,neutral
0a6580a2ca,positive
49096c54e2,neutral
1746f40680,neutral
13fccb0fb5,neutral
97dbf6e8e1,neutral
b7f1a0cd1a,neutral
689c6b69c9,negative
a08d95184f,neutral
d36296a726,positive
e976f2769d,positive
1297b5f02d,neutral
d205b332e6,neutral
bb0316a749,neutral
addf08efba,neutral
0c53b2d4c0,positive
bacb2d1061,neutral
864cddfae8,negative
0a92e46208,negative
85ef239798,negative
7276d2cde2,neutral
d53ddd0172,negative
064a8c4847,neutral
edef02e047,positive
695f322a0a,neutral
a35314257a,neutral
2641ac37a6,negative
7a1556637a,neutral
08c5eb64a5,neutral
6397544955,positive
afc326749d,negative
79f88c9c67,neutral
db828c7bda,negative
08d12b46b2,negative
b9078fdb88,positive
6434edb2a5,neutral
93c709ddbb,neutral
261ead9c14,negative
4bd68426ce,neutral
6ff929e04b,neutral
d26c5024c9,neutral
ae45bdeb6d,positive
2d0cd25243,neutral
01fdd344f2,positive
f1e14aaf4e,neutral
cbd87d2326,neutral
dac8af239c,positive
213f65851d,positive
41c5bce464,positive
669a4ee511,neutral
d8999ff49b,neutral
eb96d21b64,positive
8e2432e61d,neutral
6d68218d8b,neutral
a00d6e8a18,neutral
68238c0940,positive
0f870b905c,negative
afd1917b36,neutral
6d3c1d8ff7,neutral
6face8f81f,neutral
291a81553f,neutral
7b2a38faa7,neutral
415e492cfb,neutral
374ab5e6cd,negative
18bcba79be,neutral
f529745a98,positive
ba6d7433fe,neutral
056c205514,negative
ab65e404fd,neutral
0815af3970,neutral
897dab966b,positive
694a98d42f,neutral
1b5a4bc443,negative
92ef69c5ca,neutral
4c2540598c,neutral
201c6c35e2,neutral
b3c6a71077,neutral
f78d0594ce,positive
11cab5bac2,neutral
37c1594abc,neutral
d0c93e2a81,negative
83d9d8ffbe,positive
a9b155d544,positive
37681f23e9,positive
1305139c4a,negative
3cdfcc7a2c,neutral
09554aef59,neutral
c25f1544bd,positive
32cde6dbc5,neutral
4e1101e520,positive
ed58e3db1d,neutral
daba837f14,neutral
9664d60456,positive
a29a6f5c41,negative
a4d9ee1aac,neutral
5729a6ebb9,neutral
b93d5198af,positive
771545d181,negative
65cbb266bf,negative
b93f47d6b0,neutral
ce7efcdd0d,neutral
d18a58850f,neutral
f48211d914,neutral
38c94c08b8,neutral
bb16d5ae08,neutral
817b6da55c,positive
6bb7fa91b2,negative
a9b501f7cd,negative
540fd43bae,negative
9e734c1ed3,positive
0145dc9e7c,neutral
bbcf6de580,negative
342c394b9e,negative
fa625455c7,neutral
14c9c24f55,neutral
475e19cb22,neutral
e035bf28b6,neutral
a2a8a42a36,neutral
42e4df338b,neutral
c0a39bf520,neutral
645e740cb0,positive
2bca22c7f3,positive
c0603f62dd,positive
f0c1aa8e72,neutral
a24748151f,positive
4626b8b37a,negative
caa591cb69,negative
46632450a3,neutral
7505a3b214,negative
8d69c4d8e4,neutral
91c6546f6b,positive
d29e6d773c,neutral
e0589e3ebd,negative
a4f6100563,negative
d3d8561006,positive
c005d6cfde,positive
bb3ef3c925,positive
b5eb308679,negative
936cc72c9d,neutral
1af280ac83,negative
8034e259de,negative
d45f55fad0,neutral
a7a4f1809e,neutral
6564a03aa0,neutral
f6df0fdbff,positive
b8547d3835,positive
ed036f1d74,neutral
a237d86171,neutral
82dd0bcffe,neutral
89de64f532,neutral
e0f51840d2,positive
20f387fede,negative
5d85831fa3,neutral
9ef3a57e41,neutral
2a20862961,neutral
218412b76a,negative
1d865c0717,neutral
7b474b659d,neutral
73afc6a90d,neutral
00e1d9ed60,neutral
7a059ccc2f,neutral
e4c90cafae,neutral
675d0f99ee,positive
82369ff2a2,neutral
46f859bacf,negative
d3b70656cd,neutral
d6788e5a4f,neutral
bef904fa13,positive
5f72b7df41,positive
43661e198b,negative
2cc6d6b3e6,neutral
4ca97418b7,neutral
be2fadb2bc,neutral
1c0b70106f,negative
4d9a27e25a,negative
834651667b,neutral
688784c5a9,neutral
7d32d4866a,positive
0cbab4e443,neutral
d57bd01b7e,neutral
a5912f5b7b,negative
b0f7ac544d,negative
73fd2537e6,neutral
20f35978fb,negative
9a8cde88ea,neutral
9f48b1d3fa,negative
79bd7de23f,neutral
6b3c3e22d5,neutral
b411bd3afb,neutral
469196b094,positive
7b65a847b6,positive
cc28178ef0,negative
4200e8b73c,positive
77a7b3282b,negative
76b40b8c3d,neutral
1b6fe730fd,negative
2a04e6e839,neutral
f944be482a,neutral
d461b50edb,neutral
d8ab713a6a,positive
e838d1f366,neutral
885b8f47f7,neutral
ac3b9688c6,neutral
0f93a7a6ff,neutral
9a38abcf54,negative
863e09ee74,negative
9501aabea3,positive
40ada63a36,neutral
c956722677,negative
1c6ce0a7e3,neutral
5648799bc4,neutral
59fd038492,neutral
0ef8ddf4a1,negative
50ba66785b,negative
827fa68ce4,positive
a60b818d1d,neutral
316a1d0f4c,negative
1dc7f3d536,neutral
c08d28468b,positive
043c3b53f8,negative
5fc6e71643,neutral
27829d97bd,neutral
603a6f30be,negative
f13fd6b067,positive
6bda8dca4d,neutral
b70db9bf31,negative
c9980ac0cd,negative
8798f0a924,neutral
edef93288d,negative
9f345b18c5,neutral
5f857f8279,neutral
391211cd64,neutral
b01c4cd28a,neutral
3a92bdf00a,negative
d24ea15375,neutral
c3c168bc80,neutral
189ea0d26f,negative
fa117106ef,neutral
f66bda14c6,negative
cf3dafabb3,neutral
242910ff98,positive
60e5c2c335,neutral
72b5155719,negative
bbfe533366,negative
4cb0ab19ed,negative
58e2a00ab8,neutral
0a0e2a4f78,positive
975554343f,neutral
c7be378db2,neutral
87737f8e62,neutral
558fe1316b,neutral
a6687519e2,neutral
91f8e27d4c,positive
9a10e4813f,negative
2b31cedc6d,neutral
db783cf66a,neutral
036cd6abb0,negative
e965e50c60,positive
b1c36b70a4,neutral
4d2de9d1af,neutral
0c2e7ab834,negative
0bb5b4d19c,negative
e5f0e6ef4b,negative
416863ce47,positive
6332da480c,neutral
df1baec676,negative
469e15c5a8,neutral
